1,John Doe,2025-07-13,11:49:18
1,John Doe,2025-07-13,11:49:20
1,John Doe,2025-07-13,11:49:20
1,John Doe,2025-07-13,11:49:22
1,John Doe,2025-07-13,11:49:27
1,John Doe,2025-07-13,11:49:27
1,John Doe,2025-07-13,11:49:27
1,John Doe,2025-07-13,11:49:27
1,John Doe,2025-07-13,11:49:27
1,John Doe,2025-07-13,11:49:28
1,John Doe,2025-07-13,11:49:36
1,John Doe,2025-07-13,11:49:36
1,John Doe,2025-07-13,11:49:36
1,John Doe,2025-07-13,11:49:36
1,John Doe,2025-07-13,11:49:37
1,John Doe,2025-07-13,11:49:37
1,John Doe,2025-07-13,11:49:37
1,John Doe,2025-07-13,11:49:37
1,John Doe,2025-07-13,11:49:37
1,John Doe,2025-07-13,11:49:37
1,John Doe,2025-07-13,11:49:37
1,John Doe,2025-07-13,11:49:37
1,John Doe,2025-07-13,11:49:37
1,John Doe,2025-07-13,11:49:37
1,John Doe,2025-07-13,11:49:37
1,John Doe,2025-07-13,11:49:37
1,John Doe,2025-07-13,11:49:37
1,John Doe,2025-07-13,11:49:38
1,John Doe,2025-07-13,11:49:38
1,John Doe,2025-07-13,11:49:38
1,John Doe,2025-07-13,11:49:38
1,John Doe,2025-07-13,11:49:38
1,John Doe,2025-07-13,11:49:38
1,John Doe,2025-07-13,11:49:38
1,John Doe,2025-07-13,11:49:38
1,John Doe,2025-07-13,11:49:38
1,John Doe,2025-07-13,11:49:39
1,John Doe,2025-07-13,11:49:39
1,John Doe,2025-07-13,11:49:39
1,John Doe,2025-07-13,11:49:39
1,John Doe,2025-07-13,11:49:40
1,John Doe,2025-07-13,11:49:40
1,John Doe,2025-07-13,11:49:40
1,John Doe,2025-07-13,11:49:40
1,John Doe,2025-07-13,11:49:40
1,John Doe,2025-07-13,11:49:40
1,John Doe,2025-07-13,11:49:40
1,John Doe,2025-07-13,11:49:40
1,John Doe,2025-07-13,11:49:40
1,John Doe,2025-07-13,11:49:40
1,John Doe,2025-07-13,11:49:41
1,John Doe,2025-07-13,11:49:41
1,John Doe,2025-07-13,11:49:41
1,John Doe,2025-07-13,11:49:41
1,John Doe,2025-07-13,11:49:41
1,John Doe,2025-07-13,11:49:41
1,John Doe,2025-07-13,11:49:41
1,John Doe,2025-07-13,11:49:41
1,John Doe,2025-07-13,11:49:41
1,John Doe,2025-07-13,11:49:41
1,John Doe,2025-07-13,11:49:41
1,John Doe,2025-07-13,11:49:41
1,John Doe,2025-07-13,11:49:41
1,John Doe,2025-07-13,11:49:41
1,John Doe,2025-07-13,11:49:41
1,John Doe,2025-07-13,11:49:41
1,John Doe,2025-07-13,11:49:41
1,John Doe,2025-07-13,11:49:41
1,John Doe,2025-07-13,11:49:41
1,John Doe,2025-07-13,11:49:41
1,John Doe,2025-07-13,11:49:41
1,John Doe,2025-07-13,11:49:42
1,John Doe,2025-07-13,11:49:42
1,John Doe,2025-07-13,11:49:42
1,John Doe,2025-07-13,11:49:42
1,Dayananda,2025-07-13,11:54:30
1,Dayananda,2025-07-13,11:54:30
1,Dayananda,2025-07-13,11:54:30
1,Dayananda,2025-07-13,11:54:30
1,Dayananda,2025-07-13,11:54:31
1,Dayananda,2025-07-13,11:54:31
1,Dayananda,2025-07-13,11:54:31
1,Dayananda,2025-07-13,11:54:31
1,Dayananda,2025-07-13,11:54:35
1,Dayananda,2025-07-13,11:54:36
1,Dayananda,2025-07-13,11:54:36
1,Dayananda,2025-07-13,11:54:36
1,Dayananda,2025-07-13,11:55:03
1,Dayananda,2025-07-13,11:55:03
1,Dayananda,2025-07-13,11:55:03
1,Dayananda,2025-07-13,11:55:17
1,Dayananda,2025-07-13,11:55:17
1,Dayananda,2025-07-13,11:55:18
1,Dayananda,2025-07-13,11:55:18
1,Dayananda,2025-07-13,11:55:18
1,Dayananda,2025-07-13,11:55:18
1,Dayananda,2025-07-13,11:55:18
1,Dayananda,2025-07-13,11:55:18
1,Dayananda,2025-07-13,11:55:18
1,Dayananda,2025-07-13,11:55:18
1,Dayananda,2025-07-13,11:55:18
1,Dayananda,2025-07-13,11:55:18
1,Dayananda,2025-07-13,11:55:18
1,Dayananda,2025-07-13,11:55:18
1,Dayananda,2025-07-13,11:55:18
1,Dayananda,2025-07-13,11:55:18
1,Dayananda,2025-07-13,11:55:18
1,Dayananda,2025-07-13,11:55:18
1,Dayananda,2025-07-13,11:55:18
1,Dayananda,2025-07-13,11:55:18
1,Dayananda,2025-07-13,11:55:18
1,Dayananda,2025-07-13,11:55:18
1,Dayananda,2025-07-13,11:55:18
1,Dayananda,2025-07-13,11:55:18
1,Dayananda,2025-07-13,11:55:18
1,Dayananda,2025-07-13,11:55:18
1,Dayananda,2025-07-13,11:55:18
1,Dayananda,2025-07-13,11:55:18
1,Dayananda,2025-07-13,11:55:19
1,Dayananda,2025-07-13,11:55:19
1,Dayananda,2025-07-13,11:55:19
1,Dayananda,2025-07-13,11:55:19
1,Dayananda,2025-07-13,11:55:19
1,Dayananda,2025-07-13,11:55:19
1,Dayananda,2025-07-13,11:55:19
1,Dayananda,2025-07-13,11:55:19
1,Dayananda,2025-07-13,11:55:19
1,Dayananda,2025-07-13,11:55:19
1,Dayananda,2025-07-13,11:55:19
1,Dayananda,2025-07-13,11:55:19
1,Dayananda,2025-07-13,11:55:19
1,Dayananda,2025-07-13,11:55:19
1,Dayananda,2025-07-13,11:55:19
1,Dayananda,2025-07-13,11:55:19
1,Dayananda,2025-07-13,11:55:19
1,Dayananda,2025-07-13,11:55:19
1,Dayananda,2025-07-13,11:55:19
1,Dayananda,2025-07-13,11:55:19
1,Dayananda,2025-07-13,11:55:19
1,Dayananda,2025-07-13,11:55:19
1,Dayananda,2025-07-13,11:55:19
1,Dayananda,2025-07-13,11:55:19
1,Dayananda,2025-07-13,11:55:19
1,Dayananda,2025-07-13,11:55:20
1,Dayananda,2025-07-13,11:55:20
1,Dayananda,2025-07-13,11:55:20
1,Dayananda,2025-07-13,11:55:20
1,Dayananda,2025-07-13,11:55:20
1,Dayananda,2025-07-13,11:55:20
1,Dayananda,2025-07-13,11:55:20
1,Dayananda,2025-07-13,11:55:20
1,Dayananda,2025-07-13,11:55:20
1,Dayananda,2025-07-13,11:55:20
1,Dayananda,2025-07-13,11:55:20
1,Dayananda,2025-07-13,11:55:20
1,Dayananda,2025-07-13,11:55:20
1,Dayananda,2025-07-13,11:55:20
1,Dayananda,2025-07-13,11:55:20
1,Dayananda,2025-07-13,11:55:20
1,Dayananda,2025-07-13,11:55:20
1,Dayananda,2025-07-13,11:55:20
1,Dayananda,2025-07-13,11:55:20
1,Dayananda,2025-07-13,11:55:20
1,Dayananda,2025-07-13,11:55:20
1,Dayananda,2025-07-13,11:55:20
1,Dayananda,2025-07-13,11:55:21
1,Dayananda,2025-07-13,11:55:21
1,Dayananda,2025-07-13,11:55:21
1,Dayananda,2025-07-13,11:55:21
1,Dayananda,2025-07-13,11:55:21
1,Dayananda,2025-07-13,11:55:21
1,Dayananda,2025-07-13,11:55:21
1,Dayananda,2025-07-13,11:55:21
1,Dayananda,2025-07-13,11:55:21
1,Dayananda,2025-07-13,11:55:21
1,Dayananda,2025-07-13,11:55:21
1,Dayananda,2025-07-13,11:55:21
1,Dayananda,2025-07-13,11:55:21
1,Dayananda,2025-07-13,11:55:21
1,Dayananda,2025-07-13,11:55:21
1,Dayananda,2025-07-13,11:55:21
1,Dayananda,2025-07-13,11:55:22
1,Dayananda,2025-07-13,11:55:22
1,Dayananda,2025-07-13,11:55:22
1,Dayananda,2025-07-13,11:55:22
1,Dayananda,2025-07-13,11:55:22
1,Dayananda,2025-07-13,11:55:22
1,Dayananda,2025-07-13,11:55:22
1,Dayananda,2025-07-13,11:55:22
1,Dayananda,2025-07-13,11:55:22
1,Dayananda,2025-07-13,11:55:22
1,Dayananda,2025-07-13,11:55:22
1,Dayananda,2025-07-13,11:55:22
1,Dayananda,2025-07-13,11:55:22
1,Dayananda,2025-07-13,11:55:22
1,Dayananda,2025-07-13,11:55:22
1,Dayananda,2025-07-13,11:55:22
1,Dayananda,2025-07-13,11:55:22
1,Dayananda,2025-07-13,11:55:22
1,Dayananda,2025-07-13,11:55:22
1,Dayananda,2025-07-13,11:55:22
1,Dayananda,2025-07-13,11:55:22
1,Dayananda,2025-07-13,11:55:22
1,Dayananda,2025-07-13,11:55:22
1,Dayananda,2025-07-13,11:55:22
1,Dayananda,2025-07-13,11:55:22
1,Dayananda,2025-07-13,11:55:22
1,Dayananda,2025-07-13,11:55:23
1,Dayananda,2025-07-13,11:55:23
1,Dayananda,2025-07-13,11:55:23
1,Dayananda,2025-07-13,11:55:23
1,Dayananda,2025-07-13,11:55:23
1,Dayananda,2025-07-13,11:55:23
1,Dayananda,2025-07-13,11:55:23
1,Dayananda,2025-07-13,11:55:23
1,Dayananda,2025-07-13,11:55:23
1,Dayananda,2025-07-13,11:55:23
1,Dayananda,2025-07-13,11:55:23
1,Dayananda,2025-07-13,11:55:23
1,Dayananda,2025-07-13,11:55:23
1,Dayananda,2025-07-13,11:55:23
1,Dayananda,2025-07-13,11:55:23
1,Dayananda,2025-07-13,11:55:23
1,Dayananda,2025-07-13,11:55:23
1,Dayananda,2025-07-13,11:55:23
1,Dayananda,2025-07-13,11:55:23
1,Dayananda,2025-07-13,11:55:23
1,Dayananda,2025-07-13,11:55:23
1,Dayananda,2025-07-13,11:55:23
1,Dayananda,2025-07-13,11:55:23
1,Dayananda,2025-07-13,11:55:23
1,Dayananda,2025-07-13,11:55:23
1,Dayananda,2025-07-13,11:55:23
1,Dayananda,2025-07-13,11:55:23
1,Dayananda,2025-07-13,11:55:24
1,Dayananda,2025-07-13,11:55:24
1,Dayananda,2025-07-13,11:55:24
1,Dayananda,2025-07-13,11:55:24
1,Dayananda,2025-07-13,11:55:24
1,Dayananda,2025-07-13,11:55:24
1,Dayananda,2025-07-13,11:55:24
1,Dayananda,2025-07-13,11:55:24
1,Dayananda,2025-07-13,11:55:24
1,Dayananda,2025-07-13,11:55:24
1,Dayananda,2025-07-13,11:55:24
1,Dayananda,2025-07-13,11:55:24
1,Dayananda,2025-07-13,11:55:24
1,Dayananda,2025-07-13,11:55:24
1,Dayananda,2025-07-13,11:55:24
1,Dayananda,2025-07-13,11:55:24
1,Dayananda,2025-07-13,11:55:24
1,Dayananda,2025-07-13,11:55:24
1,Dayananda,2025-07-13,11:55:24
1,Dayananda,2025-07-13,11:55:24
1,Dayananda,2025-07-13,11:55:24
1,Dayananda,2025-07-13,11:55:24
1,Dayananda,2025-07-13,11:55:24
1,Dayananda,2025-07-13,11:55:24
1,Dayananda,2025-07-13,11:55:24
1,Dayananda,2025-07-13,11:55:24
1,Dayananda,2025-07-13,11:55:24
1,Dayananda,2025-07-13,11:55:24
1,Dayananda,2025-07-13,11:55:25
1,Dayananda,2025-07-13,11:55:25
1,Dayananda,2025-07-13,11:55:25
1,Dayananda,2025-07-13,11:55:25
1,Dayananda,2025-07-13,11:55:25
1,Dayananda,2025-07-13,11:55:25
1,Dayananda,2025-07-13,11:55:25
1,Dayananda,2025-07-13,11:55:25
1,Dayananda,2025-07-13,11:55:25
1,Dayananda,2025-07-13,11:55:25
1,Dayananda,2025-07-13,11:55:25
1,Dayananda,2025-07-13,11:55:25
1,Dayananda,2025-07-13,11:55:25
1,Dayananda,2025-07-13,11:55:25
1,Dayananda,2025-07-13,11:55:25
1,Dayananda,2025-07-13,11:55:25
1,Dayananda,2025-07-13,11:55:25
1,Dayananda,2025-07-13,11:55:25
1,Dayananda,2025-07-13,11:55:25
1,Dayananda,2025-07-13,11:55:25
1,Dayananda,2025-07-13,11:55:25
1,Dayananda,2025-07-13,11:55:25
1,Dayananda,2025-07-13,11:55:25
1,Dayananda,2025-07-13,11:55:25
1,Dayananda,2025-07-13,11:55:25
1,Dayananda,2025-07-13,11:55:25
1,Dayananda,2025-07-13,11:55:25
1,Dayananda,2025-07-13,11:55:26
1,Dayananda,2025-07-13,11:55:26
1,Dayananda,2025-07-13,11:55:26
1,Dayananda,2025-07-13,11:55:26
1,Dayananda,2025-07-13,11:55:26
1,Dayananda,2025-07-13,11:55:26
1,Dayananda,2025-07-13,11:55:26
1,Dayananda,2025-07-13,11:55:26
1,Dayananda,2025-07-13,11:55:26
1,Dayananda,2025-07-13,11:55:26
1,Dayananda,2025-07-13,11:55:26
1,Dayananda,2025-07-13,11:55:26
1,Dayananda,2025-07-13,11:55:26
1,Dayananda,2025-07-13,11:55:26
1,Dayananda,2025-07-13,11:55:26
1,Dayananda,2025-07-13,11:55:26
1,Dayananda,2025-07-13,11:55:26
1,Dayananda,2025-07-13,11:55:26
1,Dayananda,2025-07-13,11:55:26
1,Dayananda,2025-07-13,11:55:26
1,Dayananda,2025-07-13,11:55:26
1,Dayananda,2025-07-13,11:55:26
1,Dayananda,2025-07-13,11:55:27
1,Dayananda,2025-07-13,11:55:27
1,Dayananda,2025-07-13,11:55:27
1,Dayananda,2025-07-13,11:55:27
1,Dayananda,2025-07-13,11:55:27
1,Dayananda,2025-07-13,11:55:27
1,Dayananda,2025-07-13,11:55:27
1,Dayananda,2025-07-13,11:55:27
1,Dayananda,2025-07-13,11:55:27
1,Dayananda,2025-07-13,11:55:27
1,Dayananda,2025-07-13,11:55:27
1,Dayananda,2025-07-13,11:55:27
1,Dayananda,2025-07-13,11:55:27
1,Dayananda,2025-07-13,11:55:27
1,Dayananda,2025-07-13,11:55:27
1,Dayananda,2025-07-13,11:55:27
1,Dayananda,2025-07-13,11:55:27
1,Dayananda,2025-07-13,11:55:27
1,Dayananda,2025-07-13,11:55:27
1,Dayananda,2025-07-13,11:55:27
1,Dayananda,2025-07-13,11:55:27
1,Dayananda,2025-07-13,11:55:27
1,Dayananda,2025-07-13,11:55:27
1,Dayananda,2025-07-13,11:55:27
1,Dayananda,2025-07-13,11:55:27
1,Dayananda,2025-07-13,11:55:27
1,Dayananda,2025-07-13,11:55:27
1,Dayananda,2025-07-13,11:55:27
1,Dayananda,2025-07-13,11:55:28
1,Dayananda,2025-07-13,11:55:28
1,Dayananda,2025-07-13,11:55:28
1,Dayananda,2025-07-13,11:55:28
1,Dayananda,2025-07-13,11:55:28
1,Dayananda,2025-07-13,11:55:28
1,Dayananda,2025-07-13,11:55:28
1,Dayananda,2025-07-13,11:55:28
1,Dayananda,2025-07-13,11:55:28
1,Dayananda,2025-07-13,11:55:28
1,Dayananda,2025-07-13,11:55:28
1,Dayananda,2025-07-13,11:55:28
1,Dayananda,2025-07-13,11:55:29
1,Dayananda,2025-07-13,11:55:29
1,Dayananda,2025-07-13,11:55:29
1,Dayananda,2025-07-13,11:55:29
1,Dayananda,2025-07-13,11:55:29
1,Dayananda,2025-07-13,11:55:29
1,Dayananda,2025-07-13,11:55:29
1,Dayananda,2025-07-13,11:55:29
1,Dayananda,2025-07-13,11:55:29
1,Dayananda,2025-07-13,11:55:29
1,Dayananda,2025-07-13,11:55:29
1,Dayananda,2025-07-13,11:55:29
1,Dayananda,2025-07-13,11:55:29
1,Dayananda,2025-07-13,11:55:29
1,Dayananda,2025-07-13,11:55:29
1,Dayananda,2025-07-13,11:55:29
1,Dayananda,2025-07-13,11:55:29
1,Dayananda,2025-07-13,11:55:29
1,Dayananda,2025-07-13,11:55:29
1,Dayananda,2025-07-13,11:55:29
1,Dayananda,2025-07-13,11:55:29
1,Dayananda,2025-07-13,11:55:29
1,Dayananda,2025-07-13,11:55:30
1,Dayananda,2025-07-13,11:55:30
1,Dayananda,2025-07-13,11:55:30
1,Dayananda,2025-07-13,11:55:30
1,Dayananda,2025-07-13,11:55:30
1,Dayananda,2025-07-13,11:55:30
1,Dayananda,2025-07-13,11:55:30
1,Dayananda,2025-07-13,11:55:30
1,Dayananda,2025-07-13,11:55:30
1,Dayananda,2025-07-13,11:55:30
1,Dayananda,2025-07-13,11:55:30
1,Dayananda,2025-07-13,11:55:30
1,Dayananda,2025-07-13,11:55:31
1,Dayananda,2025-07-13,11:55:31
1,Dayananda,2025-07-13,11:55:31
1,Dayananda,2025-07-13,11:55:31
1,Dayananda,2025-07-13,11:55:31
1,Dayananda,2025-07-13,11:55:31
1,Dayananda,2025-07-13,11:55:31
1,Dayananda,2025-07-13,11:55:32
1,Dayananda,2025-07-13,11:55:32
1,Dayananda,2025-07-13,11:55:32
1,Dayananda,2025-07-13,11:55:33
1,Dayananda,2025-07-13,11:55:33
1,Dayananda,2025-07-13,11:55:33
1,Dayananda,2025-07-13,11:55:33
1,Dayananda,2025-07-13,11:55:33
1,Dayananda,2025-07-13,11:55:33
1,Dayananda,2025-07-13,11:55:33
1,Dayananda,2025-07-13,11:55:33
1,Dayananda,2025-07-13,11:55:33
1,Dayananda,2025-07-13,11:55:33
1,Dayananda,2025-07-13,11:55:33
1,Dayananda,2025-07-13,11:55:33
1,Dayananda,2025-07-13,11:55:33
1,Dayananda,2025-07-13,11:55:33
1,Dayananda,2025-07-13,11:55:33
1,Dayananda,2025-07-13,11:55:33
1,Dayananda,2025-07-13,11:55:33
1,Dayananda,2025-07-13,11:55:33
1,Dayananda,2025-07-13,11:55:33
1,Dayananda,2025-07-13,11:55:33
1,Dayananda,2025-07-13,11:55:33
1,Dayananda,2025-07-13,11:55:33
1,Dayananda,2025-07-13,11:55:33
1,Dayananda,2025-07-13,11:55:33
1,Dayananda,2025-07-13,11:55:33
1,Dayananda,2025-07-13,11:55:33
1,Dayananda,2025-07-13,11:55:33
1,Dayananda,2025-07-13,11:55:34
1,Dayananda,2025-07-13,11:55:34
1,Dayananda,2025-07-13,11:55:34
1,Dayananda,2025-07-13,11:55:34
1,Dayananda,2025-07-13,11:55:34
1,Dayananda,2025-07-13,11:55:34
1,Dayananda,2025-07-13,11:55:34
1,Dayananda,2025-07-13,11:55:34
1,Dayananda,2025-07-13,11:55:34
1,Dayananda,2025-07-13,11:55:34
1,Dayananda,2025-07-13,11:55:34
1,Dayananda,2025-07-13,11:55:34
1,Dayananda,2025-07-13,11:55:34
1,Dayananda,2025-07-13,11:55:35
1,Dayananda,2025-07-13,11:55:35
1,Dayananda,2025-07-13,11:55:39
1,Dayananda,2025-07-13,11:55:41
1,Dayananda,2025-07-13,11:56:00
1,Dayananda,2025-07-13,11:56:17
1,Dayananda,2025-07-13,11:56:17
1,Dayananda,2025-07-13,11:56:17
1,Dayananda,2025-07-13,11:56:17
1,Dayananda,2025-07-13,11:56:17
1,Dayananda,2025-07-13,11:56:17
1,Dayananda,2025-07-13,11:56:17
1,Dayananda,2025-07-13,11:56:17
1,Dayananda,2025-07-13,11:56:17
1,Dayananda,2025-07-13,11:56:17
1,Dayananda,2025-07-13,11:56:17
1,Dayananda,2025-07-13,11:56:18
1,Dayananda,2025-07-13,11:56:18
1,Dayananda,2025-07-13,11:56:18
1,Dayananda,2025-07-13,11:56:18
1,Dayananda,2025-07-13,11:56:18
1,Dayananda,2025-07-13,11:56:18
1,Dayananda,2025-07-13,11:56:18
1,Dayananda,2025-07-13,11:56:18
1,Dayananda,2025-07-13,11:56:18
1,Dayananda,2025-07-13,11:56:18
1,Dayananda,2025-07-13,11:56:18
1,Dayananda,2025-07-13,11:56:18
1,Dayananda,2025-07-13,11:56:18
1,Dayananda,2025-07-13,11:56:18
1,Dayananda,2025-07-13,11:56:18
1,Dayananda,2025-07-13,11:56:18
1,Dayananda,2025-07-13,11:56:18
1,Dayananda,2025-07-13,11:56:18
1,Dayananda,2025-07-13,11:56:18
1,Dayananda,2025-07-13,11:56:18
1,Dayananda,2025-07-13,11:56:18
1,Dayananda,2025-07-13,11:56:18
1,Dayananda,2025-07-13,11:56:18
1,Dayananda,2025-07-13,11:56:18
1,Dayananda,2025-07-13,11:56:18
1,Dayananda,2025-07-13,11:56:18
1,Dayananda,2025-07-13,11:56:19
1,Dayananda,2025-07-13,11:56:19
1,Dayananda,2025-07-13,11:56:19
1,Dayananda,2025-07-13,11:56:19
1,Dayananda,2025-07-13,11:56:19
1,Dayananda,2025-07-13,11:56:19
1,Dayananda,2025-07-13,11:56:19
1,Dayananda,2025-07-13,11:56:19
1,Dayananda,2025-07-13,11:56:19
1,Dayananda,2025-07-13,11:56:19
1,Dayananda,2025-07-13,11:56:19
1,Dayananda,2025-07-13,11:56:19
1,Dayananda,2025-07-13,11:56:19
1,Dayananda,2025-07-13,11:56:19
1,Dayananda,2025-07-13,11:56:19
1,Dayananda,2025-07-13,11:56:19
1,Dayananda,2025-07-13,11:56:19
1,Dayananda,2025-07-13,11:56:19
1,Dayananda,2025-07-13,11:56:19
1,Dayananda,2025-07-13,11:56:19
1,Dayananda,2025-07-13,11:56:19
1,Dayananda,2025-07-13,11:56:20
1,Dayananda,2025-07-13,11:56:20
1,Dayananda,2025-07-13,11:56:21
1,Dayananda,2025-07-13,11:56:21
1,Dayananda,2025-07-13,11:56:22
1,Dayananda,2025-07-13,11:56:22
1,Dayananda,2025-07-13,11:56:22
1,Dayananda,2025-07-13,11:56:22
1,Dayananda,2025-07-13,11:56:22
1,Dayananda,2025-07-13,11:56:22
1,Dayananda,2025-07-13,11:56:22
1,Dayananda,2025-07-13,11:56:22
1,Dayananda,2025-07-13,11:56:22
1,Dayananda,2025-07-13,11:56:22
1,Dayananda,2025-07-13,11:56:22
1,Dayananda,2025-07-13,11:56:22
1,Dayananda,2025-07-13,11:56:22
1,Dayananda,2025-07-13,11:56:22
1,Dayananda,2025-07-13,11:56:22
1,Dayananda,2025-07-13,11:56:22
1,Dayananda,2025-07-13,11:56:22
1,Dayananda,2025-07-13,11:56:22
1,Dayananda,2025-07-13,11:56:23
1,Dayananda,2025-07-13,11:56:23
1,Dayananda,2025-07-13,11:56:23
1,Dayananda,2025-07-13,11:56:23
1,Dayananda,2025-07-13,11:56:23
1,Dayananda,2025-07-13,11:56:57
1,Dayananda,2025-07-13,11:56:57
1,Dayananda,2025-07-13,11:56:58
1,Dayananda,2025-07-13,11:56:58
1,Dayananda,2025-07-13,11:56:58
1,Dayananda,2025-07-13,11:56:58
1,Dayananda,2025-07-13,11:56:58
1,Dayananda,2025-07-13,11:56:58
1,Dayananda,2025-07-13,11:56:58
1,Dayananda,2025-07-13,11:56:59
1,Dayananda,2025-07-13,11:56:59
1,Dayananda,2025-07-13,11:57:00
1,Dayananda,2025-07-13,11:57:01
1,Dayananda,2025-07-13,11:57:01
1,Dayananda,2025-07-13,11:57:01
1,Dayananda,2025-07-13,11:57:01
1,Dayananda,2025-07-13,11:57:01
1,Dayananda,2025-07-13,11:57:02
1,Dayananda,2025-07-13,11:57:02
1,Dayananda,2025-07-13,11:57:03
1,Dayananda,2025-07-13,11:57:03
1,Dayananda,2025-07-13,11:57:03
1,Dayananda,2025-07-13,11:57:03
1,Dayananda,2025-07-13,11:57:03
1,Dayananda,2025-07-13,11:57:03
1,Dayananda,2025-07-13,11:57:04
1,Dayananda,2025-07-13,11:57:04
1,Dayananda,2025-07-13,11:57:04
1,Dayananda,2025-07-13,11:57:04
1,Dayananda,2025-07-13,11:57:04
1,Dayananda,2025-07-13,11:57:04
1,Dayananda,2025-07-13,11:57:05
1,Dayananda,2025-07-13,11:57:05
1,Dayananda,2025-07-13,11:57:05
1,Dayananda,2025-07-13,11:57:05
1,Dayananda,2025-07-13,11:57:05
1,Dayananda,2025-07-13,11:57:05
1,Dayananda,2025-07-13,11:57:05
1,Dayananda,2025-07-13,11:57:05
1,Dayananda,2025-07-13,11:57:05
1,Dayananda,2025-07-13,11:57:05
1,Dayananda,2025-07-13,11:57:05
1,Dayananda,2025-07-13,11:57:05
1,Dayananda,2025-07-13,11:57:05
1,Dayananda,2025-07-13,11:57:05
1,Dayananda,2025-07-13,11:57:06
1,Dayananda,2025-07-13,11:57:06
1,Dayananda,2025-07-13,11:57:06
1,Dayananda,2025-07-13,11:57:06
1,Dayananda,2025-07-13,11:57:07
1,Dayananda,2025-07-13,11:57:07
1,Dayananda,2025-07-13,11:57:07
1,Dayananda,2025-07-13,11:57:07
1,Dayananda,2025-07-13,11:57:07
1,Dayananda,2025-07-13,11:57:07
1,Dayananda,2025-07-13,11:57:08
1,Dayananda,2025-07-13,11:57:08
1,Dayananda,2025-07-13,11:57:08
1,Dayananda,2025-07-13,11:57:08
1,Dayananda,2025-07-13,11:57:08
1,Dayananda,2025-07-13,11:57:08
1,Dayananda,2025-07-13,11:57:08
1,Dayananda,2025-07-13,11:57:08
1,Dayananda,2025-07-13,11:57:08
1,Dayananda,2025-07-13,11:57:15
1,Dayananda,2025-07-13,11:57:15
1,Dayananda,2025-07-13,11:57:15
1,Dayananda,2025-07-13,11:57:15
1,Dayananda,2025-07-13,11:57:15
1,Dayananda,2025-07-13,11:57:15
1,Dayananda,2025-07-13,11:57:16
1,Dayananda,2025-07-13,11:57:16
1,Dayananda,2025-07-13,11:57:16
1,Dayananda,2025-07-13,11:57:16
1,Dayananda,2025-07-13,11:57:16
1,Dayananda,2025-07-13,11:57:17
1,Dayananda,2025-07-13,11:57:17
1,Dayananda,2025-07-13,11:57:17
1,Dayananda,2025-07-13,11:57:17
1,Dayananda,2025-07-13,11:57:17
1,Dayananda,2025-07-13,11:57:17
1,Dayananda,2025-07-13,11:57:18
1,Dayananda,2025-07-13,11:57:18
1,Dayananda,2025-07-13,11:57:18
1,Dayananda,2025-07-13,11:57:18
1,Dayananda,2025-07-13,11:57:18
1,Dayananda,2025-07-13,11:57:18
1,Dayananda,2025-07-13,11:57:18
1,Dayananda,2025-07-13,11:57:18
1,Dayananda,2025-07-13,11:57:18
1,Dayananda,2025-07-13,11:57:18
1,Dayananda,2025-07-13,11:57:18
1,Dayananda,2025-07-13,11:57:18
1,Dayananda,2025-07-13,11:57:18
1,Dayananda,2025-07-13,11:57:18
1,Dayananda,2025-07-13,11:57:18
1,Dayananda,2025-07-13,11:57:18
1,Dayananda,2025-07-13,11:57:18
1,Dayananda,2025-07-13,11:57:19
1,Dayananda,2025-07-13,11:57:19
1,Dayananda,2025-07-13,11:57:19
1,Dayananda,2025-07-13,11:57:19
1,Dayananda,2025-07-13,11:57:19
1,Dayananda,2025-07-13,11:57:19
1,Dayananda,2025-07-13,11:57:19
1,Dayananda,2025-07-13,11:57:19
1,Dayananda,2025-07-13,11:57:19
1,Dayananda,2025-07-13,11:57:19
1,Dayananda,2025-07-13,11:57:19
1,Dayananda,2025-07-13,11:57:19
1,Dayananda,2025-07-13,11:57:19
1,Dayananda,2025-07-13,11:57:19
1,Dayananda,2025-07-13,11:57:19
1,Dayananda,2025-07-13,11:57:19
1,Dayananda,2025-07-13,11:57:19
1,Dayananda,2025-07-13,11:57:19
1,Dayananda,2025-07-13,11:57:19
1,Dayananda,2025-07-13,11:57:19
1,Dayananda,2025-07-13,11:57:20
1,Dayananda,2025-07-13,11:57:20
1,Dayananda,2025-07-13,11:57:20
1,Dayananda,2025-07-13,11:57:20
1,Dayananda,2025-07-13,11:57:20
1,Dayananda,2025-07-13,11:57:20
1,Dayananda,2025-07-13,11:57:20
1,Dayananda,2025-07-13,11:57:20
1,Dayananda,2025-07-13,11:57:20
1,Dayananda,2025-07-13,11:57:20
1,Dayananda,2025-07-13,11:57:20
1,Dayananda,2025-07-13,11:57:21
1,Dayananda,2025-07-13,11:57:21
1,Dayananda,2025-07-13,11:57:21
1,Dayananda,2025-07-13,11:57:21
1,Dayananda,2025-07-13,11:57:21
1,Dayananda,2025-07-13,11:57:21
1,Dayananda,2025-07-13,11:57:21
1,Dayananda,2025-07-13,11:57:21
1,Dayananda,2025-07-13,11:57:21
1,Dayananda,2025-07-13,11:57:21
1,Dayananda,2025-07-13,11:57:21
1,Dayananda,2025-07-13,11:57:21
1,Dayananda,2025-07-13,11:57:21
1,Dayananda,2025-07-13,11:57:21
1,Dayananda,2025-07-13,11:57:22
1,Dayananda,2025-07-13,11:57:22
1,Dayananda,2025-07-13,11:57:22
1,Dayananda,2025-07-13,11:57:22
1,Dayananda,2025-07-13,11:57:22
1,Dayananda,2025-07-13,11:57:22
1,Dayananda,2025-07-13,11:57:22
1,Dayananda,2025-07-13,11:57:22
1,Dayananda,2025-07-13,11:57:22
1,Dayananda,2025-07-13,11:57:22
1,Dayananda,2025-07-13,11:57:23
1,Dayananda,2025-07-13,11:57:23
1,Dayananda,2025-07-13,11:57:23
1,Dayananda,2025-07-13,11:57:23
1,Dayananda,2025-07-13,11:57:23
1,Dayananda,2025-07-13,11:57:23
1,Dayananda,2025-07-13,11:57:23
1,Dayananda,2025-07-13,11:57:23
1,Dayananda,2025-07-13,11:57:23
1,Dayananda,2025-07-13,11:57:23
1,Dayananda,2025-07-13,11:57:23
1,Dayananda,2025-07-13,11:57:23
1,Dayananda,2025-07-13,11:57:24
1,Dayananda,2025-07-13,11:57:24
1,Dayananda,2025-07-13,11:57:24
1,Dayananda,2025-07-13,11:57:24
1,Dayananda,2025-07-13,11:57:24
1,Dayananda,2025-07-13,11:57:24
1,Dayananda,2025-07-13,11:57:24
1,Dayananda,2025-07-13,11:57:24
1,Dayananda,2025-07-13,11:57:24
1,Dayananda,2025-07-13,11:57:24
1,Dayananda,2025-07-13,11:57:24
1,Dayananda,2025-07-13,11:57:24
1,Dayananda,2025-07-13,11:57:24
1,Dayananda,2025-07-13,11:57:25
1,Dayananda,2025-07-13,11:57:25
1,Dayananda,2025-07-13,11:57:25
1,Dayananda,2025-07-13,11:57:25
1,Dayananda,2025-07-13,11:57:25
1,Dayananda,2025-07-13,11:57:25
1,Dayananda,2025-07-13,11:57:25
1,Dayananda,2025-07-13,11:57:25
1,Dayananda,2025-07-13,11:57:25
1,Dayananda,2025-07-13,11:57:26
1,Dayananda,2025-07-13,11:57:26
1,Dayananda,2025-07-13,11:57:26
1,Dayananda,2025-07-13,11:58:10
1,Dayananda,2025-07-13,11:58:10
